what,kind,bundleId,bundleVersion,description,time
deactivated,workbench,org.eclipse.ui.workbench,3.7.1.v20120104-1859,"",1333824906552
activated,workbench,org.eclipse.ui.workbench,3.7.1.v20120104-1859,"",1333824914474
activated,view,org.eclipse.ui.navigator.resources,3.4.300.v20110928-1505,"org.eclipse.ui.navigator.ProjectExplorer",1333824924214
opened,view,org.tigris.subversion.subclipse.ui,1.6.18,"org.tigris.subversion.subclipse.ui.repository.RepositoriesView",1333824928401
opened,view,org.eclipse.team.ui,3.6.101.R37x_v20111109-0800,"org.eclipse.team.ui.GenericHistoryView",1333824928449
activated,perspective,org.tigris.subversion.subclipse.ui,1.6.18,"org.tigris.subversion.subclipse.ui.svnPerspective",1333824928461
activated,view,org.tigris.subversion.subclipse.ui,1.6.18,"org.tigris.subversion.subclipse.ui.repository.RepositoriesView",1333824928470
started,bundle,org.tigris.subversion.clientadapter.javahl,1.6.17,"org.tigris.subversion.clientadapter.javahl",1333824932328
started,bundle,org.tigris.subversion.clientadapter.svnkit,1.6.15,"org.tigris.subversion.clientadapter.svnkit",1333824932331
deactivated,workbench,org.eclipse.ui.workbench,3.7.1.v20120104-1859,"",1333824947473
activated,workbench,org.eclipse.ui.workbench,3.7.1.v20120104-1859,"",1333824951105
deactivated,workbench,org.eclipse.ui.workbench,3.7.1.v20120104-1859,"",1333824951175
activated,workbench,org.eclipse.ui.workbench,3.7.1.v20120104-1859,"",1333824957573
deactivated,workbench,org.eclipse.ui.workbench,3.7.1.v20120104-1859,"",1333824957891
activated,workbench,org.eclipse.ui.workbench,3.7.1.v20120104-1859,"",1333824964853
activated,perspective,org.eclipse.cdt.ui,5.3.2.201202111925,"org.eclipse.cdt.ui.CPerspective",1333824968666
activated,view,org.eclipse.ui.navigator.resources,3.4.300.v20110928-1505,"org.eclipse.ui.navigator.ProjectExplorer",1333824968677
deactivated,workbench,org.eclipse.ui.workbench,3.7.1.v20120104-1859,"",1333824978013
activated,workbench,org.eclipse.ui.workbench,3.7.1.v20120104-1859,"",1333824981007
opened,editor,org.eclipse.cdt.ui,5.3.2.201202111925,"org.eclipse.cdt.ui.editor.CEditor",1333824989761
activated,editor,org.eclipse.cdt.ui,5.3.2.201202111925,"org.eclipse.cdt.ui.editor.CEditor",1333824989852
started,bundle,org.eclipse.cdt.codan.checkers.ui,1.0.0.201202111925,"org.eclipse.cdt.codan.checkers.ui",1333824990003
deactivated,workbench,org.eclipse.ui.workbench,3.7.1.v20120104-1859,"",1333825004080
activated,workbench,org.eclipse.ui.workbench,3.7.1.v20120104-1859,"",1333825020530
executed,command,org.eclipse.ui,3.7.0.v20110928-1505,"org.eclipse.ui.window.preferences",1333825020546
deactivated,workbench,org.eclipse.ui.workbench,3.7.1.v20120104-1859,"",1333825026710
activated,workbench,org.eclipse.ui.workbench,3.7.1.v20120104-1859,"",1333825029591
activated,view,org.eclipse.ui.navigator.resources,3.4.300.v20110928-1505,"org.eclipse.ui.navigator.ProjectExplorer",1333825036191
activated,editor,org.eclipse.cdt.ui,5.3.2.201202111925,"org.eclipse.cdt.ui.editor.CEditor",1333825067523
activated,view,org.eclipse.ui.views,3.6.0.v20110928-1505,"org.eclipse.ui.views.ContentOutline",1333825156923
activated,editor,org.eclipse.cdt.ui,5.3.2.201202111925,"org.eclipse.cdt.ui.editor.CEditor",1333825160368
activated,view,org.eclipse.ui.navigator.resources,3.4.300.v20110928-1505,"org.eclipse.ui.navigator.ProjectExplorer",1333825169975
activated,editor,org.eclipse.cdt.ui,5.3.2.201202111925,"org.eclipse.cdt.ui.editor.CEditor",1333825174241
activated,view,org.eclipse.ui.navigator.resources,3.4.300.v20110928-1505,"org.eclipse.ui.navigator.ProjectExplorer",1333825176100
deactivated,workbench,org.eclipse.ui.workbench,3.7.1.v20120104-1859,"",1333825178948
started,bundle,org.eclipse.cdt.managedbuilder.ui,8.0.2.201202111925,"org.eclipse.cdt.managedbuilder.ui",1333825183260
activated,workbench,org.eclipse.ui.workbench,3.7.1.v20120104-1859,"",1333825243793
executed,command,org.eclipse.ui,3.7.0.v20110928-1505,"org.eclipse.ui.file.properties",1333825243860
started,bundle,org.eclipse.equinox.p2.ui.sdk,1.0.200.v20110815-1419,"org.eclipse.equinox.p2.ui.sdk",1333825250979
started,bundle,org.eclipse.equinox.p2.ui,2.1.1.v20120113-1346,"org.eclipse.equinox.p2.ui",1333825250987
started,bundle,org.eclipse.equinox.p2.transport.ecf,1.0.0.v20111128-0624,"org.eclipse.equinox.p2.transport.ecf",1333825251678
started,bundle,org.eclipse.ecf.filetransfer,5.0.0.v20110531-2218,"org.eclipse.ecf.filetransfer",1333825251688
started,bundle,org.eclipse.ecf.identity,3.1.100.v20110531-2218,"org.eclipse.ecf.identity",1333825251711
started,bundle,org.eclipse.ecf,3.1.300.v20110531-2218,"org.eclipse.ecf",1333825251736
started,bundle,org.eclipse.ecf.provider.filetransfer.httpclient,4.0.0.v20110531-2218,"org.eclipse.ecf.provider.filetransfer.httpclient",1333825251754
started,bundle,org.eclipse.ecf.provider.filetransfer,3.2.0.v20110531-2218,"org.eclipse.ecf.provider.filetransfer",1333825251758
deactivated,workbench,org.eclipse.ui.workbench,3.7.1.v20120104-1859,"",1333825251974
error,log,,,"Provisioning exception",1333825257132
started,bundle,org.eclipse.equinox.p2.director,2.1.1.v20111126-0211,"org.eclipse.equinox.p2.director",1333825263700
started,bundle,org.eclipse.equinox.p2.garbagecollector,1.0.200.v20110815-1419,"org.eclipse.equinox.p2.garbagecollector",1333825267443
started,bundle,org.eclipse.equinox.p2.extensionlocation,1.2.100.v20110815-1419,"org.eclipse.equinox.p2.extensionlocation",1333825267456
started,bundle,org.eclipse.equinox.p2.artifact.repository,1.1.101.v20110815-1419,"org.eclipse.equinox.p2.artifact.repository",1333825267482
started,bundle,org.eclipse.equinox.p2.publisher,1.2.0.v20110815-1419,"org.eclipse.equinox.p2.publisher",1333825267517
started,bundle,org.eclipse.equinox.p2.touchpoint.eclipse,2.1.1.v20110815-1419,"org.eclipse.equinox.p2.touchpoint.eclipse",1333825267554
error,log,,,"Unable to connect to repository http://www.baeyens.it.eclipse/update%20site/content.xml",1333825280518
started,bundle,org.eclipse.equinox.frameworkadmin,2.0.0.v20110815-1438,"org.eclipse.equinox.frameworkadmin",1333825283240
started,bundle,org.eclipse.equinox.simpleconfigurator.manipulator,2.0.0.v20110815-1438,"org.eclipse.equinox.simpleconfigurator.manipulator",1333825283265
activated,workbench,org.eclipse.ui.workbench,3.7.1.v20120104-1859,"",1333825295313
executed,command,org.eclipse.equinox.p2.ui.sdk,1.0.200.v20110815-1419,"org.eclipse.equinox.p2.ui.sdk.install",1333825295325
deactivated,workbench,org.eclipse.ui.workbench,3.7.1.v20120104-1859,"",1333825295974
activated,workbench,org.eclipse.ui.workbench,3.7.1.v20120104-1859,"",1333825318452
started,bundle,org.eclipse.equinox.frameworkadmin.equinox,1.0.300.v20110815-1438,"org.eclipse.equinox.frameworkadmin.equinox",1333825318484
deactivated,workbench,org.eclipse.ui.workbench,3.7.1.v20120104-1859,"",1333825321900
activated,workbench,org.eclipse.ui.workbench,3.7.1.v20120104-1859,"",1333825324667
closed,workbench,org.eclipse.ui.workbench,3.7.1.v20120104-1859,"",1333825324902
stopped,bundle,org.eclipse.cdt.build.crossgcc,1.0.2.201202111925,"org.eclipse.cdt.build.crossgcc",1333825325371
stopped,bundle,org.eclipse.cdt.codan.checkers.ui,1.0.0.201202111925,"org.eclipse.cdt.codan.checkers.ui",1333825325372
stopped,bundle,org.eclipse.cdt.codan.checkers,1.0.1.201202111925,"org.eclipse.cdt.codan.checkers",1333825325373
stopped,bundle,org.eclipse.cdt.codan.ui.cxx,2.0.0.201202111925,"org.eclipse.cdt.codan.ui.cxx",1333825325373
stopped,bundle,org.eclipse.cdt.codan.core.cxx,1.0.0.201202111925,"org.eclipse.cdt.codan.core.cxx",1333825325373
stopped,bundle,org.eclipse.cdt.launch.remote,2.3.0.201202111925,"org.eclipse.cdt.launch.remote",1333825325373
stopped,bundle,org.eclipse.cdt.debug.mi.ui,6.1.1.201202111925,"org.eclipse.cdt.debug.mi.ui",1333825325373
stopped,bundle,org.eclipse.cdt.debug.mi.core,7.1.1.201202111925,"org.eclipse.cdt.debug.mi.core",1333825325374
stopped,bundle,org.eclipse.cdt.debug.ui.memory.memorybrowser,1.2.100.201202111925,"org.eclipse.cdt.debug.ui.memory.memorybrowser",1333825325374
stopped,bundle,org.eclipse.cdt.debug.ui.memory.search,1.2.1.201202111925,"org.eclipse.cdt.debug.ui.memory.search",1333825325374
stopped,bundle,org.eclipse.cdt.dsf.gdb.ui,2.2.1.201202111925,"org.eclipse.cdt.dsf.gdb.ui",1333825325375
stopped,bundle,org.eclipse.cdt.dsf.ui,2.2.1.201202111925,"org.eclipse.cdt.dsf.ui",1333825325375
stopped,bundle,org.eclipse.cdt.gdb.ui,7.0.0.201202111925,"org.eclipse.cdt.gdb.ui",1333825325375
stopped,bundle,org.eclipse.cdt.dsf.gdb,4.0.2.201202111925,"org.eclipse.cdt.dsf.gdb",1333825325376
stopped,bundle,org.eclipse.cdt.launch,7.0.0.201202111925,"org.eclipse.cdt.launch",1333825325376
stopped,bundle,org.eclipse.cdt.debug.ui,7.1.2.201202111925,"org.eclipse.cdt.debug.ui",1333825325376
stopped,bundle,org.eclipse.cdt.debug.ui.memory.traditional,1.2.1.201202111925,"org.eclipse.cdt.debug.ui.memory.traditional",1333825325376
stopped,bundle,org.eclipse.cdt.dsf,2.2.0.201202111925,"org.eclipse.cdt.dsf",1333825325376
stopped,bundle,org.eclipse.cdt.debug.core,7.1.0.201202111925,"org.eclipse.cdt.debug.core",1333825325376
stopped,bundle,org.eclipse.linuxtools.cdt.autotools.ui,1.0.1.201202152032,"org.eclipse.linuxtools.cdt.autotools.ui",1333825325376
stopped,bundle,org.eclipse.linuxtools.cdt.autotools.core,1.0.2.201202152032,"org.eclipse.linuxtools.cdt.autotools.core",1333825325376
stopped,bundle,it.baeyens.avreclipse.ui,4.0.6,"it.baeyens.avreclipse.ui",1333825325376
stopped,bundle,org.eclipse.cdt.managedbuilder.ui,8.0.2.201202111925,"org.eclipse.cdt.managedbuilder.ui",1333825325377
stopped,bundle,org.eclipse.cdt.make.ui,7.1.2.201202111925,"org.eclipse.cdt.make.ui",1333825325377
stopped,bundle,org.eclipse.cdt.managedbuilder.gnu.ui,8.0.2.201202111925,"org.eclipse.cdt.managedbuilder.gnu.ui",1333825325377
stopped,bundle,org.eclipse.cdt.msw.build,1.0.0.201202111925,"org.eclipse.cdt.msw.build",1333825325377
stopped,bundle,it.baeyens.arduino.core,1.1.1,"it.baeyens.arduino.core",1333825325377
stopped,bundle,it.baeyens.avreclipse.core,1.0.6,"it.baeyens.avreclipse.core",1333825325377
stopped,bundle,org.eclipse.cdt.managedbuilder.core,8.0.2.201202111925,"org.eclipse.cdt.managedbuilder.core",1333825325378
stopped,bundle,org.eclipse.cdt.make.core,7.1.2.201202111925,"org.eclipse.cdt.make.core",1333825325378
stopped,bundle,org.eclipse.cdt.mylyn.ui,3.6.0.v20110608-1400,"org.eclipse.cdt.mylyn.ui",1333825325379
stopped,bundle,org.eclipse.cdt.codan.ui,2.0.1.201202111925,"org.eclipse.cdt.codan.ui",1333825325379
stopped,bundle,org.eclipse.cdt.ui,5.3.2.201202111925,"org.eclipse.cdt.ui",1333825325384
stopped,bundle,it.baeyens.arduino.common,1.1.0.5,"it.baeyens.arduino.common",1333825325384
stopped,bundle,org.eclipse.cdt.core,5.3.2.201202111925,"org.eclipse.cdt.core",1333825325387
stopped,bundle,org.eclipse.compare.win32,1.0.200.I20110510-0800,"org.eclipse.compare.win32",1333825325388
stopped,bundle,org.eclipse.egit.ui,1.3.0.201202151440-r,"org.eclipse.egit.ui",1333825325388
stopped,bundle,org.eclipse.egit.core,1.3.0.201202151440-r,"org.eclipse.egit.core",1333825325392
stopped,bundle,org.eclipse.equinox.p2.ui.sdk,1.0.200.v20110815-1419,"org.eclipse.equinox.p2.ui.sdk",1333825325392
stopped,bundle,org.eclipse.rse.importexport,1.2.200.v201105021534,"org.eclipse.rse.importexport",1333825325393
stopped,bundle,org.eclipse.rse.subsystems.shells.telnet,1.2.200.v201101042155,"org.eclipse.rse.subsystems.shells.telnet",1333825325393
stopped,bundle,org.eclipse.rse.shells.ui,3.0.301.R33x_v201107181530,"org.eclipse.rse.shells.ui",1333825325393
stopped,bundle,org.eclipse.rse.files.ui,3.2.1.R33x_v201109141647,"org.eclipse.rse.files.ui",1333825325393
stopped,bundle,org.eclipse.rse.processes.ui,3.0.300.v201101042155,"org.eclipse.rse.processes.ui",1333825325393
stopped,bundle,com.collabnet.subversion.merge,2.2.4,"com.collabnet.subversion.merge",1333825325393
stopped,bundle,org.tigris.subversion.subclipse.graph,1.0.9,"org.tigris.subversion.subclipse.graph",1333825325394
stopped,bundle,org.tigris.subversion.subclipse.tools.usage,1.0.1,"org.tigris.subversion.subclipse.tools.usage",1333825325394
stopped,bundle,org.tigris.subversion.subclipse.ui,1.6.18,"org.tigris.subversion.subclipse.ui",1333825325410
stopped,bundle,org.eclipse.jdt.ui,3.7.2.v20120109-1427,"org.eclipse.jdt.ui",1333825325443
stopped,bundle,org.eclipse.search,3.7.0.v20110928-1504,"org.eclipse.search",1333825325449
stopped,bundle,org.eclipse.mylyn.commons.team,0.8.0.v20110608-1400,"org.eclipse.mylyn.commons.team",1333825325449
stopped,bundle,org.eclipse.mylyn.team.ui,3.6.1.v20110825-0100,"org.eclipse.mylyn.team.ui",1333825325449
stopped,bundle,org.eclipse.ui.navigator.resources,3.4.300.v20110928-1505,"org.eclipse.ui.navigator.resources",1333825325449
stopped,bundle,org.eclipse.ltk.ui.refactoring,3.6.0.v20110928-1453,"org.eclipse.ltk.ui.refactoring",1333825325451
stopped,bundle,org.eclipse.mylyn.bugzilla.ui,3.6.0.v20110608-1400,"org.eclipse.mylyn.bugzilla.ui",1333825325451
stopped,bundle,org.eclipse.mylyn.ide.ui,3.6.0.v20110608-1400,"org.eclipse.mylyn.ide.ui",1333825325451
stopped,bundle,org.eclipse.mylyn.resources.ui,3.6.0.v20110608-1400,"org.eclipse.mylyn.resources.ui",1333825325451
stopped,bundle,org.eclipse.mylyn.wikitext.tasks.ui,1.5.0.v20110608-1400,"org.eclipse.mylyn.wikitext.tasks.ui",1333825325451
stopped,bundle,org.eclipse.mylyn.context.ui,3.6.1.v20120112-0100,"org.eclipse.mylyn.context.ui",1333825325451
stopped,bundle,org.eclipse.mylyn.help.ui,3.6.1.v20110830-0100,"org.eclipse.mylyn.help.ui",1333825325452
stopped,bundle,org.eclipse.mylyn.tasks.bugs,3.6.1.v20110825-0100,"org.eclipse.mylyn.tasks.bugs",1333825325452
stopped,bundle,org.eclipse.mylyn.tasks.ui,3.6.5.v20120215-0100,"org.eclipse.mylyn.tasks.ui",1333825325453
stopped,bundle,org.eclipse.team.cvs.ui,3.3.401.v20120126-1227,"org.eclipse.team.cvs.ui",1333825325453
stopped,bundle,org.eclipse.team.ui,3.6.101.R37x_v20111109-0800,"org.eclipse.team.ui",1333825325454
stopped,bundle,org.eclipse.compare,3.5.202.R37x_v20111109-0800,"org.eclipse.compare",1333825325454
stopped,bundle,org.eclipse.cdt.debug.ui.memory.transport,2.1.0.201202111925,"org.eclipse.cdt.debug.ui.memory.transport",1333825325454
stopped,bundle,org.eclipse.ui.externaltools,3.2.0.v20111007_r372,"org.eclipse.ui.externaltools",1333825325454
stopped,bundle,org.eclipse.debug.ui,3.7.102.v20111129-1423_r372,"org.eclipse.debug.ui",1333825325471
stopped,bundle,org.eclipse.mylyn.wikitext.ui,1.5.0.v20110608-1400,"org.eclipse.mylyn.wikitext.ui",1333825325471
stopped,bundle,org.eclipse.rse.subsystems.files.dstore,2.1.201.R33x_v201109141647,"org.eclipse.rse.subsystems.files.dstore",1333825325471
stopped,bundle,org.eclipse.rse.subsystems.processes.dstore,2.1.300.v201101042155,"org.eclipse.rse.subsystems.processes.dstore",1333825325471
stopped,bundle,org.eclipse.rse.subsystems.shells.dstore,2.1.300.v201101042155,"org.eclipse.rse.subsystems.shells.dstore",1333825325471
stopped,bundle,org.eclipse.rse.connectorservice.dstore,3.1.200.v201103141607,"org.eclipse.rse.connectorservice.dstore",1333825325471
stopped,bundle,org.eclipse.rse.subsystems.files.local,2.1.200.v201101042155,"org.eclipse.rse.subsystems.files.local",1333825325471
stopped,bundle,org.eclipse.rse.subsystems.processes.local,2.1.300.v201101042155,"org.eclipse.rse.subsystems.processes.local",1333825325471
stopped,bundle,org.eclipse.rse.subsystems.shells.local,2.1.300.v201101042155,"org.eclipse.rse.subsystems.shells.local",1333825325471
stopped,bundle,org.eclipse.rse.connectorservice.local,2.1.300.v201101042155,"org.eclipse.rse.connectorservice.local",1333825325471
stopped,bundle,org.eclipse.rse.subsystems.files.ssh,2.1.200.v201101042155,"org.eclipse.rse.subsystems.files.ssh",1333825325471
stopped,bundle,org.eclipse.rse.subsystems.shells.ssh,2.1.300.v201101042155,"org.eclipse.rse.subsystems.shells.ssh",1333825325471
stopped,bundle,org.eclipse.rse.subsystems.terminals.ssh,1.0.100.v201101042155,"org.eclipse.rse.subsystems.terminals.ssh",1333825325471
stopped,bundle,org.eclipse.rse.connectorservice.ssh,2.1.200.v201101042155,"org.eclipse.rse.connectorservice.ssh",1333825325471
stopped,bundle,org.eclipse.rse.connectorservice.telnet,1.2.200.v201101042155,"org.eclipse.rse.connectorservice.telnet",1333825325471
stopped,bundle,org.eclipse.rse.dstore.security,3.0.300.v201103141607,"org.eclipse.rse.dstore.security",1333825325471
stopped,bundle,org.eclipse.rse.efs,2.1.300.v201101042155,"org.eclipse.rse.efs",1333825325472
stopped,bundle,org.eclipse.rse.subsystems.files.ftp,2.1.301.R33x_v201107212114,"org.eclipse.rse.subsystems.files.ftp",1333825325472
stopped,bundle,org.eclipse.rse.subsystems.shells.core,3.1.201.R33x_v201106281309,"org.eclipse.rse.subsystems.shells.core",1333825325472
stopped,bundle,org.eclipse.rse.subsystems.files.core,3.2.101.R33x_v201107181530,"org.eclipse.rse.subsystems.files.core",1333825325472
stopped,bundle,org.eclipse.rse.subsystems.processes.shell.linux,1.1.300.v201101042155,"org.eclipse.rse.subsystems.processes.shell.linux",1333825325472
stopped,bundle,org.eclipse.rse.subsystems.processes.core,3.1.200.v201101042155,"org.eclipse.rse.subsystems.processes.core",1333825325472
stopped,bundle,org.eclipse.rse.terminals.ui,1.1.0.v201101042155,"org.eclipse.rse.terminals.ui",1333825325472
stopped,bundle,org.eclipse.rse.ui,3.2.1.R33x_v201109141647,"org.eclipse.rse.ui",1333825325472
stopped,bundle,org.eclipse.ui.console,3.5.100.v20111007_r372,"org.eclipse.ui.console",1333825325472
stopped,bundle,org.eclipse.mylyn.commons.ui,3.6.1.v20110720-0100,"org.eclipse.mylyn.commons.ui",1333825325472
stopped,bundle,org.eclipse.ui.editors,3.7.0.v20110928-1504,"org.eclipse.ui.editors",1333825325472
stopped,bundle,org.eclipse.ui.workbench.texteditor,3.7.0.v20110928-1504,"org.eclipse.ui.workbench.texteditor",1333825325472
stopped,bundle,org.eclipse.compare.core,3.5.200.I20110208-0800,"org.eclipse.compare.core",1333825325472
stopped,bundle,org.eclipse.rse.services.dstore,3.1.201.R33x_v201106291530,"org.eclipse.rse.services.dstore",1333825325472
stopped,bundle,org.eclipse.dstore.core,3.3.1.R33x_v201107181530,"org.eclipse.dstore.core",1333825325472
stopped,bundle,org.eclipse.dstore.extra,2.1.300.v201101042155,"org.eclipse.dstore.extra",1333825325472
stopped,bundle,org.eclipse.epp.mpc.ui,1.1.1.I20110907-0947,"org.eclipse.epp.mpc.ui",1333825325472
stopped,bundle,org.eclipse.epp.usagedata.ui,1.3.1.R201106061540,"org.eclipse.epp.usagedata.ui",1333825325472
activated,perspective,org.eclipse.cdt.ui,,"org.eclipse.cdt.ui.CPerspective",1333825351313
started,bundle,org.eclipse.osgi,3.7.2.v20120110-1415,"org.eclipse.osgi",1333825351315
started,bundle,org.eclipse.equinox.simpleconfigurator,1.0.200.v20110815-1438,"org.eclipse.equinox.simpleconfigurator",1333825351316
started,bundle,com.ibm.icu,4.4.2.v20110823,"com.ibm.icu",1333825351316
started,bundle,org.eclipse.cdt.codan.checkers,1.0.1.201202111925,"org.eclipse.cdt.codan.checkers",1333825351316
started,bundle,org.eclipse.cdt.codan.core,2.0.0.201202111925,"org.eclipse.cdt.codan.core",1333825351316
started,bundle,org.eclipse.cdt.codan.core.cxx,1.0.0.201202111925,"org.eclipse.cdt.codan.core.cxx",1333825351317
started,bundle,org.eclipse.cdt.codan.ui.cxx,2.0.0.201202111925,"org.eclipse.cdt.codan.ui.cxx",1333825351317
started,bundle,org.eclipse.cdt.core,5.3.2.201202111925,"org.eclipse.cdt.core",1333825351317
started,bundle,org.eclipse.cdt.make.core,7.1.2.201202111925,"org.eclipse.cdt.make.core",1333825351317
started,bundle,org.eclipse.cdt.make.ui,7.1.2.201202111925,"org.eclipse.cdt.make.ui",1333825351317
started,bundle,org.eclipse.cdt.managedbuilder.core,8.0.2.201202111925,"org.eclipse.cdt.managedbuilder.core",1333825351317
started,bundle,org.eclipse.cdt.msw.build,1.0.0.201202111925,"org.eclipse.cdt.msw.build",1333825351317
started,bundle,org.eclipse.cdt.ui,5.3.2.201202111925,"org.eclipse.cdt.ui",1333825351317
started,bundle,org.eclipse.compare.core,3.5.200.I20110208-0800,"org.eclipse.compare.core",1333825351318
started,bundle,org.eclipse.core.contenttype,3.4.100.v20110423-0524,"org.eclipse.core.contenttype",1333825351318
started,bundle,org.eclipse.core.databinding.observable,1.4.0.I20110222-0800,"org.eclipse.core.databinding.observable",1333825351319
started,bundle,org.eclipse.core.expressions,3.4.300.v20110228,"org.eclipse.core.expressions",1333825351319
started,bundle,org.eclipse.core.filebuffers,3.5.200.v20110928-1504,"org.eclipse.core.filebuffers",1333825351319
started,bundle,org.eclipse.core.filesystem,1.3.100.v20110423-0524,"org.eclipse.core.filesystem",1333825351319
started,bundle,org.eclipse.core.jobs,3.5.101.v20120113-1953,"org.eclipse.core.jobs",1333825351320
started,bundle,org.eclipse.core.net,1.2.100.I20110511-0800,"org.eclipse.core.net",1333825351320
started,bundle,org.eclipse.core.resources,3.7.101.v20120125-1505,"org.eclipse.core.resources",1333825351320
started,bundle,org.eclipse.core.runtime,3.7.0.v20110110,"org.eclipse.core.runtime",1333825351320
started,bundle,org.eclipse.core.runtime.compatibility,3.2.100.v20100505,"org.eclipse.core.runtime.compatibility",1333825351321
started,bundle,org.eclipse.core.runtime.compatibility.auth,3.2.200.v20110110,"org.eclipse.core.runtime.compatibility.auth",1333825351322
started,bundle,org.eclipse.core.variables,3.2.500.v20110928-1503,"org.eclipse.core.variables",1333825351322
started,bundle,org.eclipse.debug.core,3.7.1.v20111129-2031,"org.eclipse.debug.core",1333825351322
started,bundle,org.eclipse.egit.core,1.3.0.201202151440-r,"org.eclipse.egit.core",1333825351322
started,bundle,org.eclipse.egit.ui,1.3.0.201202151440-r,"org.eclipse.egit.ui",1333825351322
started,bundle,org.eclipse.epp.mpc.ui,1.1.1.I20110907-0947,"org.eclipse.epp.mpc.ui",1333825351322
started,bundle,org.eclipse.epp.usagedata.gathering,1.3.1.R201106061540,"org.eclipse.epp.usagedata.gathering",1333825351323
started,bundle,org.eclipse.epp.usagedata.recording,1.3.1.R201106061540,"org.eclipse.epp.usagedata.recording",1333825351323
started,bundle,org.eclipse.equinox.app,1.3.100.v20110321,"org.eclipse.equinox.app",1333825351323
started,bundle,org.eclipse.equinox.common,3.6.0.v20110523,"org.eclipse.equinox.common",1333825351324
started,bundle,org.eclipse.equinox.ds,1.3.1.R37x_v20110701,"org.eclipse.equinox.ds",1333825351325
started,bundle,org.eclipse.equinox.event,1.2.100.v20110502,"org.eclipse.equinox.event",1333825351326
started,bundle,org.eclipse.equinox.p2.artifact.repository,1.1.101.v20110815-1419,"org.eclipse.equinox.p2.artifact.repository",1333825351326
started,bundle,org.eclipse.equinox.p2.core,2.1.1.v20120113-1346,"org.eclipse.equinox.p2.core",1333825351327
started,bundle,org.eclipse.equinox.p2.director,2.1.1.v20111126-0211,"org.eclipse.equinox.p2.director",1333825351329
started,bundle,org.eclipse.equinox.p2.directorywatcher,1.0.300.v20110815-1419,"org.eclipse.equinox.p2.directorywatcher",1333825351329
started,bundle,org.eclipse.equinox.p2.engine,2.1.1.R37x_v20111003,"org.eclipse.equinox.p2.engine",1333825351329
started,bundle,org.eclipse.equinox.p2.extensionlocation,1.2.100.v20110815-1419,"org.eclipse.equinox.p2.extensionlocation",1333825351329
started,bundle,org.eclipse.equinox.p2.metadata,2.1.0.v20110815-1419,"org.eclipse.equinox.p2.metadata",1333825351331
started,bundle,org.eclipse.equinox.p2.metadata.repository,1.2.0.v20110815-1419,"org.eclipse.equinox.p2.metadata.repository",1333825351331
started,bundle,org.eclipse.equinox.p2.operations,2.1.1.R37x_v20111111,"org.eclipse.equinox.p2.operations",1333825351331
started,bundle,org.eclipse.equinox.p2.publisher,1.2.0.v20110815-1419,"org.eclipse.equinox.p2.publisher",1333825351332
started,bundle,org.eclipse.equinox.p2.reconciler.dropins,1.1.100.v20110815-1419,"org.eclipse.equinox.p2.reconciler.dropins",1333825351332
started,bundle,org.eclipse.equinox.p2.repository,2.1.1.v20120113-1346,"org.eclipse.equinox.p2.repository",1333825351334
started,bundle,org.eclipse.equinox.p2.touchpoint.eclipse,2.1.1.v20110815-1419,"org.eclipse.equinox.p2.touchpoint.eclipse",1333825351334
started,bundle,org.eclipse.equinox.p2.ui.sdk.scheduler,1.0.100.v20110815-1419,"org.eclipse.equinox.p2.ui.sdk.scheduler",1333825351334
started,bundle,org.eclipse.equinox.p2.updatechecker,1.1.200.v20110815-1419,"org.eclipse.equinox.p2.updatechecker",1333825351334
started,bundle,org.eclipse.equinox.preferences,3.4.2.v20120111-2020,"org.eclipse.equinox.preferences",1333825351334
started,bundle,org.eclipse.equinox.registry,3.5.101.R37x_v20110810-1611,"org.eclipse.equinox.registry",1333825351334
started,bundle,org.eclipse.equinox.security,1.1.1.R37x_v20110822-1018,"org.eclipse.equinox.security",1333825351334
started,bundle,org.eclipse.equinox.util,1.0.300.v20110502,"org.eclipse.equinox.util",1333825351336
started,bundle,org.eclipse.help,3.5.100.v20110426,"org.eclipse.help",1333825351336
started,bundle,org.eclipse.jface,3.7.0.v20110928-1505,"org.eclipse.jface",1333825351336
started,bundle,org.eclipse.jgit,1.3.0.201202151440-r,"org.eclipse.jgit",1333825351336
started,bundle,org.eclipse.jsch.core,1.1.300.I20110514-0800,"org.eclipse.jsch.core",1333825351336
started,bundle,org.eclipse.linuxtools.cdt.autotools.core,1.0.2.201202152032,"org.eclipse.linuxtools.cdt.autotools.core",1333825351336
started,bundle,org.eclipse.ltk.core.refactoring,3.5.201.r372_v20111101-0700,"org.eclipse.ltk.core.refactoring",1333825351336
started,bundle,org.eclipse.ltk.ui.refactoring,3.6.0.v20110928-1453,"org.eclipse.ltk.ui.refactoring",1333825351336
started,bundle,org.eclipse.mylyn.bugzilla.core,3.6.5.v20120123-0100,"org.eclipse.mylyn.bugzilla.core",1333825351336
started,bundle,org.eclipse.mylyn.bugzilla.ui,3.6.0.v20110608-1400,"org.eclipse.mylyn.bugzilla.ui",1333825351337
started,bundle,org.eclipse.mylyn.commons.identity,0.8.0.v20110608-1400,"org.eclipse.mylyn.commons.identity",1333825351337
started,bundle,org.eclipse.mylyn.commons.net,3.6.0.v20110608-1400,"org.eclipse.mylyn.commons.net",1333825351337
started,bundle,org.eclipse.mylyn.commons.ui,3.6.1.v20110720-0100,"org.eclipse.mylyn.commons.ui",1333825351338
started,bundle,org.eclipse.mylyn.context.core,3.6.1.v20110720-0100,"org.eclipse.mylyn.context.core",1333825351338
started,bundle,org.eclipse.mylyn.context.ui,3.6.1.v20120112-0100,"org.eclipse.mylyn.context.ui",1333825351338
started,bundle,org.eclipse.mylyn.monitor.ui,3.6.0.v20110608-1400,"org.eclipse.mylyn.monitor.ui",1333825351338
started,bundle,org.eclipse.mylyn.tasks.ui,3.6.5.v20120215-0100,"org.eclipse.mylyn.tasks.ui",1333825351339
started,bundle,org.eclipse.mylyn.team.ui,3.6.1.v20110825-0100,"org.eclipse.mylyn.team.ui",1333825351339
started,bundle,org.eclipse.search,3.7.0.v20110928-1504,"org.eclipse.search",1333825351339
started,bundle,org.eclipse.team.core,3.6.0.I20110525-0800,"org.eclipse.team.core",1333825351339
